Solution,Bluefish-FD-XI-TD,Eman_5.40_fad_12,SugaR.AI.ICCF.1.00,ShashChess15.1,Bluefish-12-W,Crystal-2020-06-29,Bluefish-XI,CorChess v6,Houdidi_6.03_tac_1,Stockfish_2020-07-19, ShashChess 12.1,Stockfish_20121407,Eman 6.61,Stockfish_20062710,SugaR.AI.1.00,Stockfish 11,Honey-XI,Stockfish 10,Crystal 2020-05-02,Black-Diamond-XI,Black-Diamond-XR7,Black-Diamond-XI-r2,Crystal 1.1,Stockfish 9,McCain-v2,Houdidi_6.03_tac_def,Sting-SF-16,Sting-SF-20,Ethereal 12.25,Houdini 1.5 x64,Critter 1.6a 64bit,Stockfish 8,Xiphos 0.6,Ethereal 11.75,Stockfish 7,Bluefish-FD-XI-DC,Lc0 v0.26.3 s1,NumEngSolvedCount,MeanTimeSec
  9) Bd3xh7      ,1.0,8.0,1.0,0.0,1.0,3.0,0.0,17.0,10.0,13.0,16.0,0.0,28.0,2.0,0.0,18.0,2.0,57.0,7.0,4.0,37.0,18.0,2.0,2.0,0.0,51.0,5.0,3.0,14.0,18.0,28.0,3.0,10.0,68.0,3.0,0.0,,36,12.0
128) Bb2-a3      ,0.0,3.0,0.0,1.0,1.0,0.0,0.0,0.0,1.0,0.0,1.0,10.0,0.0,67.0,73.0,17.0,14.0,0.0,0.0,0.0,0.0,0.0,0.0,35.0,0.0,1.0,2.0,15.0,0.0,157.0,7.0,5.0,16.0,314.0,0.0,0.0,,36,21.0
 86) c2-c4       ,1.0,1.0,1.0,1.0,2.0,0.0,22.0,37.0,0.0,185.0,1.0,3.0,23.0,0.0,3.0,23.0,75.0,51.0,0.0,1.0,0.0,1.0,1.0,522.0,53.0,0.0,4.0,10.0,13.0,1.0,0.0,41.0,308.0,47.0,85.0,0.0,,36,42.0
143) Re1xe7      ,0.0,196.0,0.0,4.0,0.0,9.0,77.0,13.0,8.0,3.0,21.0,48.0,414.0,96.0,63.0,79.0,41.0,81.0,7.0,20.0,29.0,39.0,41.0,92.0,139.0,38.0,29.0,19.0,54.0,0.0,0.0,166.0,35.0,139.0,39.0,0.0,0.0,36,57.0
145) Rd1-d8      ,0.0,107.0,2.0,8.0,17.0,8.0,8.0,9.0,1.0,10.0,10.0,74.0,20.0,85.0,49.0,222.0,414.0,253.0,2.0,3.0,10.0,4.0,2.0,955.0,237.0,5.0,96.0,45.0,122.0,130.0,27.0,153.0,62.0,167.0,61.0,1.0,0.0,36,94.0
161) Bd3xh7      ,1.0,84.0,1.0,34.0,1.0,6.0,5.0,28.0,5.0,6.0,119.0,2.0,11.0,38.0,2.0,237.0,75.0,100.0,3.0,10.0,16.0,7.0,13.0,274.0,9.0,60.0,558.0,513.0,58.0,534.0,169.0,187.0,58.0,96.0,127.0,0.0,0.0,36,96.0
188) Rd3-h3      ,83.0,58.0,2.0,40.0,1.0,4.0,145.0,28.0,40.0,67.0,88.0,9.0,2.0,31.0,13.0,31.0,91.0,44.0,110.0,28.0,33.0,30.0,42.0,180.0,68.0,38.0,1775.0,1524.0,163.0,62.0,127.0,362.0,235.0,202.0,104.0,7.0,0.0,36,163.0
193) .. c3xb2    ,346.0,118.0,0.0,288.0,7.0,1052.0,56.0,103.0,69.0,0.0,17.0,83.0,32.0,164.0,177.0,159.0,93.0,105.0,44.0,186.0,1360.0,173.0,420.0,836.0,707.0,465.0,87.0,65.0,218.0,84.0,102.0,91.0,26.0,633.0,19.0,23.0,33.0,36,234.0
205) Rd1-g1      ,2.0,90.0,0.0,705.0,35.0,296.0,16.0,102.0,71.0,12.0,16.0,107.0,27.0,8.0,57.0,73.0,770.0,526.0,440.0,174.0,25.0,54.0,55.0,204.0,38.0,55.0,498.0,330.0,11.0,1043.0,1388.0,338.0,478.0,1718.0,861.0,0.0,0.0,36,295.0
162) Rh1xh7      ,0.0,,0.0,5.0,0.0,13.0,0.0,0.0,0.0,2.0,40.0,3.0,0.0,423.0,3.0,110.0,0.0,85.0,3.0,10.0,17.0,0.0,16.0,197.0,14.0,5.0,26.0,13.0,13.0,0.0,0.0,27.0,0.0,95.0,34.0,0.0,0.0,35,33.0
 40) Kh3-g2      ,7.0,53.0,12.0,26.0,8.0,5.0,6.0,235.0,35.0,128.0,43.0,13.0,5.0,14.0,7.0,17.0,78.0,40.0,63.0,68.0,35.0,18.0,74.0,36.0,9.0,14.0,3.0,96.0,103.0,782.0,67.0,746.0,,31.0,450.0,0.0,29.0,35,95.0
 92) .. Bb7-d5   ,17.0,7.0,2.0,23.0,81.0,3.0,7.0,32.0,0.0,8.0,5.0,86.0,94.0,1602.0,37.0,242.0,122.0,137.0,3.0,6.0,5.0,20.0,8.0,379.0,147.0,27.0,65.0,47.0,121.0,16.0,6.0,409.0,138.0,,116.0,0.0,,35,115.0
137) .. Nf6-h5   ,21.0,79.0,4.0,2.0,27.0,18.0,9.0,50.0,17.0,128.0,23.0,51.0,83.0,840.0,16.0,67.0,1748.0,43.0,36.0,10.0,77.0,20.0,8.0,266.0,144.0,2.0,51.0,92.0,728.0,6.0,6.0,86.0,802.0,,54.0,2.0,,35,160.0
 71) .. h7-h5    ,25.0,52.0,3.0,56.0,7.0,32.0,40.0,55.0,88.0,5.0,135.0,8.0,6.0,22.0,3.0,8.0,92.0,48.0,658.0,25.0,13.0,20.0,74.0,93.0,3.0,318.0,632.0,358.0,20.0,,602.0,715.0,36.0,1120.0,344.0,2.0,17.0,35,163.0
168) Nd5-f6      ,4.0,63.0,4.0,12.0,6.0,25.0,6.0,251.0,222.0,504.0,212.0,179.0,59.0,57.0,101.0,683.0,111.0,506.0,220.0,35.0,358.0,87.0,59.0,217.0,83.0,,3.0,97.0,479.0,121.0,164.0,1597.0,4.0,88.0,628.0,0.0,7.0,35,207.0
199) d5-d6       ,12.0,36.0,36.0,13.0,154.0,120.0,37.0,64.0,110.0,5.0,99.0,60.0,645.0,59.0,75.0,41.0,35.0,192.0,61.0,236.0,844.0,5.0,26.0,76.0,98.0,42.0,515.0,336.0,943.0,236.0,107.0,54.0,,1690.0,1708.0,0.0,0.0,35,251.0
139) .. Ne8-c7   ,20.0,805.0,4.0,22.0,19.0,183.0,56.0,194.0,9.0,6.0,763.0,35.0,31.0,289.0,104.0,881.0,757.0,,26.0,22.0,43.0,24.0,22.0,814.0,626.0,112.0,24.0,38.0,550.0,51.0,393.0,184.0,294.0,961.0,1122.0,1.0,92.0,35,271.0
210) Qd1-h5      ,6.0,19.0,0.0,115.0,287.0,6.0,93.0,452.0,1.0,471.0,1192.0,396.0,528.0,450.0,387.0,1243.0,683.0,1111.0,1.0,61.0,82.0,38.0,37.0,290.0,1067.0,61.0,50.0,41.0,1011.0,2.0,0.0,634.0,92.0,,18.0,2.0,48.0,35,312.0
107) f4-f5       ,1.0,3.0,3.0,1.0,163.0,3.0,196.0,,0.0,304.0,0.0,132.0,61.0,64.0,290.0,52.0,83.0,245.0,0.0,6.0,7.0,10.0,18.0,108.0,,0.0,1.0,0.0,86.0,2.0,2.0,38.0,539.0,427.0,0.0,0.0,,34,84.0
 63) h4-h5       ,13.0,76.0,7.0,18.0,19.0,3.0,17.0,51.0,5.0,24.0,17.0,9.0,59.0,45.0,25.0,127.0,86.0,72.0,40.0,3.0,37.0,9.0,4.0,64.0,26.0,91.0,1234.0,174.0,,32.0,54.0,174.0,954.0,,77.0,2.0,,34,107.0
207) .. Ne4-d6   ,59.0,0.0,1061.0,3.0,30.0,35.0,1171.0,24.0,21.0,311.0,37.0,49.0,8.0,11.0,71.0,67.0,93.0,480.0,6.0,39.0,5.0,23.0,37.0,259.0,108.0,46.0,817.0,451.0,251.0,795.0,9.0,25.0,,,114.0,22.0,6.0,34,192.0
142) Bf1-e2      ,13.0,123.0,15.0,22.0,64.0,19.0,166.0,173.0,15.0,14.0,164.0,47.0,135.0,786.0,210.0,347.0,161.0,615.0,0.0,82.0,24.0,16.0,12.0,,445.0,96.0,107.0,36.0,235.0,83.0,8.0,807.0,,945.0,560.0,1.0,,34,193.0
173) Qg5-h6      ,5.0,20.0,3.0,0.0,7.0,1.0,6.0,247.0,19.0,21.0,8.0,90.0,98.0,12.0,47.0,59.0,31.0,509.0,48.0,3.0,4.0,1.0,1.0,287.0,177.0,130.0,1540.0,,132.0,183.0,179.0,,158.0,1070.0,1539.0,2.0,58.0,34,195.0
175) Nd4-c6      ,220.0,31.0,2.0,1.0,8.0,5.0,22.0,47.0,68.0,4.0,9.0,29.0,48.0,31.0,20.0,36.0,19.0,88.0,66.0,,340.0,18.0,437.0,81.0,56.0,41.0,869.0,251.0,192.0,,1781.0,320.0,45.0,450.0,905.0,143.0,,34,197.0
201) Bd3xh7      ,39.0,33.0,8.0,59.0,78.0,47.0,7.0,419.0,53.0,228.0,,105.0,121.0,233.0,91.0,,815.0,58.0,91.0,433.0,397.0,573.0,1176.0,606.0,56.0,67.0,629.0,136.0,147.0,21.0,12.0,1445.0,102.0,77.0,305.0,1.0,,34,255.0
132) .. Qe4xc4   ,56.0,914.0,931.0,142.0,11.0,,75.0,233.0,25.0,113.0,1242.0,53.0,12.0,239.0,22.0,112.0,158.0,273.0,,168.0,960.0,360.0,344.0,1130.0,415.0,64.0,752.0,50.0,120.0,119.0,398.0,211.0,134.0,85.0,166.0,1.0,,34,297.0
166) Nf8-g6      ,46.0,85.0,1.0,573.0,92.0,353.0,199.0,1080.0,131.0,131.0,677.0,1057.0,10.0,569.0,1447.0,1163.0,617.0,513.0,6.0,6.0,15.0,6.0,4.0,689.0,355.0,,77.0,102.0,1215.0,32.0,0.0,91.0,1134.0,,663.0,4.0,0.0,34,387.0
213) Ng5xf7      ,38.0,1157.0,147.0,,173.0,612.0,1.0,78.0,571.0,279.0,745.0,482.0,238.0,778.0,501.0,385.0,301.0,530.0,1486.0,606.0,559.0,300.0,489.0,1038.0,160.0,539.0,1544.0,,925.0,622.0,535.0,337.0,1167.0,687.0,205.0,0.0,87.0,34,536.0
 82) Ng7-f5      ,32.0,51.0,0.0,20.0,6.0,69.0,53.0,18.0,19.0,18.0,27.0,15.0,0.0,32.0,15.0,38.0,30.0,31.0,74.0,152.0,254.0,357.0,745.0,21.0,33.0,19.0,29.0,41.0,44.0,,,540.0,16.0,40.0,,1.0,0.0,33,86.0
115) Rf4-g4      ,52.0,52.0,0.0,1.0,6.0,3.0,64.0,32.0,0.0,344.0,2.0,20.0,64.0,46.0,18.0,66.0,157.0,110.0,1.0,0.0,0.0,0.0,0.0,192.0,103.0,18.0,1.0,19.0,95.0,0.0,0.0,,,,1778.0,0.0,,33,98.0
 32) Ng3-h5      ,12.0,135.0,14.0,7.0,13.0,31.0,363.0,75.0,8.0,,72.0,30.0,40.0,397.0,338.0,243.0,70.0,132.0,9.0,29.0,4.0,17.0,21.0,250.0,214.0,353.0,2.0,1.0,391.0,0.0,0.0,347.0,,,160.0,0.0,104.0,33,114.0
 17) Nf3-g5      ,0.0,2.0,0.0,0.0,0.0,8.0,0.0,3.0,5.0,0.0,30.0,0.0,0.0,7.0,0.0,5.0,2.0,126.0,25.0,10.0,3.0,2.0,15.0,391.0,92.0,122.0,,,350.0,161.0,967.0,576.0,1474.0,596.0,,0.0,0.0,33,151.0
106) .. Rd7xd4   ,73.0,11.0,53.0,44.0,207.0,28.0,32.0,1336.0,21.0,32.0,124.0,26.0,10.0,41.0,56.0,51.0,109.0,74.0,45.0,81.0,234.0,90.0,230.0,369.0,58.0,118.0,98.0,136.0,183.0,,,32.0,,1062.0,103.0,3.0,0.0,33,157.0
  4) e4-e5       ,76.0,153.0,510.0,118.0,152.0,168.0,129.0,109.0,135.0,78.0,145.0,153.0,132.0,62.0,99.0,70.0,54.0,164.0,800.0,390.0,190.0,68.0,130.0,172.0,152.0,98.0,,,333.0,2.0,,411.0,284.0,882.0,202.0,3.0,1.0,33,201.0
 45) Qc6-f3      ,146.0,96.0,70.0,20.0,9.0,640.0,33.0,88.0,484.0,133.0,63.0,3.0,10.0,81.0,24.0,5.0,113.0,1106.0,337.0,37.0,,,94.0,947.0,167.0,284.0,2.0,110.0,464.0,363.0,1529.0,134.0,77.0,1761.0,,228.0,0.0,33,293.0
191) Bd3xh7      ,48.0,87.0,15.0,62.0,112.0,115.0,76.0,92.0,32.0,49.0,18.0,73.0,115.0,158.0,927.0,,120.0,582.0,178.0,314.0,206.0,325.0,742.0,408.0,347.0,148.0,784.0,1209.0,285.0,388.0,97.0,788.0,,1174.0,,7.0,20.0,33,305.0
112) Rf1-c1      ,1.0,69.0,0.0,2.0,0.0,11.0,55.0,55.0,,6.0,39.0,0.0,0.0,21.0,0.0,57.0,31.0,108.0,9.0,27.0,41.0,18.0,41.0,254.0,121.0,57.0,7.0,8.0,155.0,,15.0,431.0,112.0,,,0.0,0.0,32,55.0
151) Bd3xh7      ,0.0,14.0,0.0,3.0,0.0,47.0,2.0,142.0,185.0,6.0,25.0,1.0,1.0,73.0,1.0,103.0,37.0,194.0,150.0,82.0,145.0,19.0,49.0,281.0,11.0,202.0,,,387.0,,,992.0,200.0,65.0,398.0,7.0,0.0,32,119.0
 84) Rd3xb3      ,0.0,41.0,1.0,0.0,11.0,1.0,19.0,10.0,244.0,33.0,0.0,452.0,3.0,64.0,49.0,389.0,10.0,547.0,0.0,150.0,35.0,30.0,53.0,35.0,19.0,,0.0,0.0,255.0,5.0,4.0,,,,1422.0,0.0,,32,121.0
174) g2-g4       ,0.0,66.0,21.0,6.0,20.0,6.0,5.0,104.0,14.0,6.0,30.0,271.0,,29.0,104.0,100.0,51.0,577.0,0.0,7.0,1.0,14.0,4.0,1392.0,305.0,20.0,88.0,82.0,,17.0,1.0,459.0,,,353.0,0.0,2.0,32,130.0
134) Rh1-h6      ,0.0,0.0,0.0,0.0,2.0,19.0,0.0,3.0,6.0,0.0,3.0,0.0,0.0,533.0,0.0,81.0,32.0,96.0,1080.0,,397.0,1145.0,53.0,115.0,363.0,4.0,18.0,2.0,1048.0,0.0,1.0,,,10.0,,0.0,0.0,32,157.0
 96) Nc3-d5      ,33.0,30.0,297.0,74.0,300.0,24.0,37.0,212.0,260.0,346.0,28.0,112.0,129.0,46.0,108.0,57.0,10.0,126.0,28.0,226.0,97.0,176.0,94.0,111.0,801.0,298.0,,,392.0,,,161.0,344.0,323.0,130.0,1.0,0.0,32,169.0
124) Ke2-d3      ,9.0,89.0,10.0,10.0,57.0,5.0,310.0,0.0,6.0,1416.0,89.0,335.0,119.0,807.0,713.0,162.0,152.0,679.0,1.0,1.0,1.0,2.0,2.0,372.0,692.0,4.0,6.0,2.0,,1.0,4.0,,,35.0,,1.0,,32,190.0
180) .. O-O-O    ,32.0,31.0,4.0,1.0,3.0,24.0,22.0,36.0,56.0,40.0,241.0,2.0,2.0,72.0,2.0,151.0,179.0,142.0,37.0,7.0,43.0,40.0,31.0,1375.0,221.0,117.0,,,50.0,,,274.0,341.0,1156.0,1331.0,4.0,0.0,32,190.0
186) Rf3-f6      ,5.0,48.0,43.0,54.0,27.0,487.0,8.0,97.0,70.0,4.0,234.0,43.0,79.0,21.0,26.0,463.0,115.0,1088.0,35.0,149.0,17.0,110.0,247.0,204.0,429.0,195.0,,,,47.0,132.0,420.0,1085.0,,383.0,1.0,,32,199.0
 50) Rf1-f5      ,2.0,2.0,3.0,19.0,,0.0,13.0,120.0,20.0,1782.0,1.0,755.0,243.0,677.0,1171.0,986.0,40.0,384.0,1.0,8.0,4.0,5.0,8.0,30.0,710.0,58.0,26.0,36.0,634.0,23.0,13.0,195.0,,,,15.0,,32,250.0
183) Ne3-g4      ,0.0,90.0,5.0,23.0,25.0,81.0,0.0,13.0,1280.0,4.0,8.0,218.0,83.0,564.0,154.0,393.0,87.0,244.0,5.0,1323.0,378.0,4.0,674.0,73.0,29.0,1691.0,,,524.0,378.0,,38.0,7.0,128.0,,7.0,10.0,32,267.0
206) Rf1-f6      ,5.0,22.0,5.0,35.0,69.0,45.0,97.0,318.0,37.0,121.0,432.0,78.0,83.0,42.0,31.0,1154.0,982.0,,40.0,60.0,5.0,90.0,73.0,917.0,984.0,614.0,,,545.0,914.0,574.0,837.0,303.0,225.0,,1.0,0.0,32,304.0
 62) .. Qg5xg3   ,3.0,164.0,13.0,120.0,29.0,45.0,169.0,1243.0,110.0,,161.0,298.0,742.0,715.0,235.0,,634.0,970.0,18.0,29.0,113.0,89.0,103.0,1536.0,522.0,,613.0,142.0,749.0,77.0,27.0,308.0,100.0,,613.0,1.0,0.0,32,334.0
171) Qf3-f6      ,316.0,251.0,159.0,143.0,429.0,225.0,51.0,574.0,579.0,1610.0,1384.0,232.0,,,389.0,520.0,79.0,1046.0,19.0,265.0,124.0,60.0,124.0,654.0,128.0,377.0,166.0,1444.0,,1324.0,639.0,627.0,172.0,,1725.0,17.0,5.0,32,495.0
 30) Rf1xf6      ,0.0,10.0,209.0,6.0,15.0,7.0,8.0,5.0,13.0,101.0,11.0,22.0,6.0,35.0,13.0,2.0,7.0,3.0,9.0,64.0,4.0,17.0,0.0,17.0,10.0,17.0,,,,,,5.0,164.0,841.0,148.0,0.0,,31,57.0
 22) g2-g4       ,22.0,11.0,,3.0,9.0,33.0,7.0,11.0,108.0,16.0,2.0,7.0,7.0,8.0,66.0,6.0,6.0,10.0,3.0,13.0,15.0,14.0,11.0,108.0,15.0,99.0,,,546.0,,,24.0,303.0,879.0,4.0,161.0,,31,82.0
 55) Qd8-a8      ,2.0,13.0,1.0,0.0,36.0,3.0,95.0,43.0,0.0,83.0,0.0,930.0,1375.0,146.0,513.0,251.0,2.0,326.0,1.0,2.0,0.0,0.0,4.0,192.0,105.0,6.0,0.0,13.0,,0.0,1.0,,,,,0.0,10.0,31,134.0
202) e5-e6       ,13.0,19.0,3.0,57.0,3.0,34.0,10.0,184.0,24.0,2.0,84.0,48.0,62.0,18.0,182.0,29.0,26.0,588.0,37.0,17.0,29.0,240.0,73.0,703.0,5.0,57.0,,,919.0,511.0,,54.0,529.0,,,0.0,1.0,31,147.0
 72) g5-g6       ,1.0,49.0,242.0,190.0,641.0,4.0,111.0,15.0,150.0,168.0,72.0,114.0,349.0,23.0,60.0,225.0,57.0,43.0,3.0,4.0,14.0,7.0,4.0,118.0,132.0,1048.0,148.0,,,68.0,38.0,,,1101.0,,0.0,0.0,31,168.0
212) Qe3-d3      ,1.0,13.0,7.0,49.0,12.0,445.0,51.0,137.0,17.0,35.0,3.0,7.0,26.0,146.0,78.0,3.0,325.0,899.0,1009.0,,25.0,26.0,,18.0,200.0,191.0,9.0,168.0,79.0,496.0,1326.0,,,585.0,,0.0,0.0,31,206.0
167) Nd5-f6      ,19.0,105.0,17.0,47.0,3.0,166.0,8.0,106.0,164.0,43.0,130.0,98.0,6.0,103.0,217.0,1201.0,53.0,380.0,1374.0,,642.0,48.0,122.0,,987.0,1254.0,37.0,28.0,,256.0,227.0,,12.0,405.0,,0.0,0.0,31,266.0
146) Rd1-d8      ,7.0,613.0,0.0,930.0,387.0,25.0,84.0,249.0,2.0,0.0,257.0,,,,155.0,1676.0,,1248.0,5.0,120.0,19.0,67.0,64.0,,1213.0,43.0,263.0,91.0,326.0,103.0,55.0,168.0,367.0,426.0,182.0,0.0,0.0,31,295.0
 31) Rc8xc7      ,12.0,60.0,135.0,894.0,36.0,107.0,72.0,39.0,1038.0,40.0,293.0,157.0,13.0,1022.0,186.0,690.0,334.0,173.0,131.0,103.0,85.0,240.0,331.0,1752.0,18.0,,116.0,69.0,956.0,365.0,,,695.0,,,0.0,0.0,31,328.0
147) Rd1-d8      ,4.0,203.0,0.0,632.0,610.0,33.0,1750.0,427.0,10.0,5.0,114.0,,,132.0,1526.0,1084.0,346.0,287.0,4.0,41.0,36.0,91.0,16.0,1262.0,,9.0,1581.0,,968.0,508.0,304.0,1124.0,1429.0,,997.0,0.0,0.0,31,501.0
149) Bd3xh7      ,1.0,6.0,45.0,30.0,10.0,194.0,0.0,2.0,40.0,285.0,0.0,9.0,10.0,3.0,9.0,187.0,6.0,27.0,248.0,85.0,14.0,24.0,174.0,52.0,39.0,519.0,,,,,,25.0,7.0,,195.0,0.0,,30,75.0
  5) Qc1-h6      ,32.0,1.0,0.0,2.0,3.0,11.0,1142.0,5.0,0.0,0.0,0.0,7.0,0.0,894.0,27.0,385.0,11.0,,6.0,37.0,21.0,0.0,,,205.0,0.0,0.0,0.0,1273.0,259.0,451.0,,0.0,,,0.0,1.0,30,159.0
 94) b3-b4       ,3.0,3.0,13.0,,,6.0,2.0,1256.0,1.0,,6.0,844.0,,1321.0,,32.0,27.0,416.0,3.0,4.0,1.0,1.0,5.0,,66.0,666.0,0.0,0.0,0.0,21.0,20.0,95.0,0.0,9.0,395.0,0.0,2.0,30,174.0
198) Ne7-d5      ,110.0,7.0,4.0,64.0,716.0,10.0,1410.0,380.0,23.0,13.0,,25.0,,1345.0,,46.0,28.0,32.0,46.0,23.0,15.0,30.0,23.0,50.0,692.0,172.0,,,0.0,247.0,124.0,1587.0,,450.0,259.0,0.0,17.0,30,264.0
152) Rd1xd7      ,85.0,53.0,2.0,12.0,292.0,20.0,255.0,1733.0,42.0,13.0,2.0,754.0,86.0,551.0,298.0,182.0,107.0,438.0,2.0,,,,,218.0,464.0,464.0,194.0,101.0,,743.0,21.0,162.0,,818.0,355.0,8.0,0.0,30,282.0
100) a5-a6       ,150.0,95.0,24.0,12.0,0.0,769.0,68.0,39.0,11.0,1.0,27.0,8.0,4.0,97.0,9.0,420.0,486.0,117.0,1181.0,1085.0,1701.0,55.0,853.0,711.0,,563.0,,,824.0,688.0,,372.0,758.0,,,4.0,0.0,30,371.0
197) .. Qb2-c2   ,58.0,57.0,113.0,47.0,7.0,468.0,40.0,174.0,95.0,25.0,614.0,42.0,35.0,156.0,17.0,495.0,160.0,419.0,253.0,1118.0,675.0,900.0,1408.0,375.0,1506.0,263.0,,,,,,540.0,1758.0,,1181.0,3.0,28.0,30,433.0
127) .. Nb6xc4   ,54.0,264.0,78.0,52.0,607.0,626.0,132.0,4.0,607.0,171.0,992.0,186.0,50.0,533.0,82.0,1291.0,287.0,1544.0,33.0,238.0,379.0,900.0,664.0,670.0,520.0,631.0,,,,,,1389.0,1030.0,834.0,,5.0,5.0,30,495.0
120) c3-c4       ,49.0,3.0,5.0,1.0,0.0,7.0,0.0,0.0,,24.0,1.0,1.0,196.0,,1.0,4.0,0.0,130.0,14.0,320.0,23.0,2.0,7.0,,,,63.0,119.0,4.0,984.0,2.0,,0.0,71.0,,3.0,,29,70.0
 41) c4-c5       ,3.0,142.0,0.0,1.0,59.0,0.0,161.0,21.0,4.0,6.0,4.0,1.0,60.0,20.0,1.0,46.0,,203.0,0.0,0.0,0.0,0.0,0.0,1787.0,50.0,195.0,20.0,35.0,,,0.0,,,,,127.0,0.0,29,102.0
 25) e4-e5       ,97.0,2.0,,8.0,76.0,5.0,0.0,1.0,,6.0,0.0,11.0,80.0,1.0,29.0,26.0,8.0,3.0,69.0,3.0,4.0,1.0,1.0,616.0,65.0,75.0,,,18.0,,,1582.0,109.0,1059.0,,60.0,15.0,29,138.0
121) Na5-b3      ,1.0,74.0,4.0,11.0,373.0,8.0,20.0,48.0,,211.0,0.0,,81.0,238.0,,225.0,19.0,242.0,396.0,8.0,5.0,1.0,1.0,192.0,,963.0,4.0,164.0,96.0,51.0,42.0,,,1077.0,,0.0,18.0,29,157.0
 52) Bd5xf7      ,31.0,69.0,,517.0,214.0,45.0,22.0,117.0,104.0,679.0,90.0,427.0,,5.0,,411.0,32.0,136.0,117.0,226.0,439.0,42.0,122.0,77.0,67.0,284.0,,,138.0,,,19.0,36.0,244.0,16.0,0.0,,29,163.0
203) g2-g3       ,,22.0,709.0,460.0,284.0,,,485.0,11.0,528.0,10.0,365.0,386.0,90.0,406.0,70.0,411.0,416.0,3.0,,,43.0,,0.0,,5.0,6.0,99.0,285.0,0.0,0.0,14.0,0.0,16.0,6.0,137.0,0.0,29,182.0
 85) h5-h6       ,228.0,126.0,0.0,1.0,4.0,1041.0,106.0,5.0,,3.0,396.0,14.0,18.0,67.0,1.0,121.0,76.0,144.0,551.0,65.0,24.0,58.0,57.0,218.0,938.0,1431.0,,,,,,1556.0,81.0,827.0,,14.0,91.0,29,282.0
157) Kg1-f2      ,24.0,23.0,4.0,122.0,87.0,77.0,72.0,788.0,89.0,471.0,223.0,941.0,1548.0,106.0,1197.0,183.0,87.0,960.0,28.0,53.0,21.0,20.0,10.0,467.0,154.0,38.0,,,,,,366.0,,,470.0,2.0,,29,298.0
148) Bd3xh7      ,27.0,247.0,1.0,38.0,15.0,104.0,632.0,263.0,78.0,75.0,42.0,156.0,674.0,625.0,189.0,190.0,71.0,510.0,168.0,807.0,,40.0,122.0,1061.0,,,,631.0,,300.0,580.0,638.0,,,529.0,3.0,,29,304.0
 81) Rg2xg7      ,9.0,279.0,,1623.0,263.0,39.0,5.0,165.0,556.0,185.0,133.0,1261.0,404.0,596.0,,598.0,464.0,,37.0,1269.0,526.0,,393.0,1120.0,,43.0,1231.0,,413.0,860.0,10.0,1415.0,6.0,34.0,,12.0,,29,481.0
165) b6-b7       ,43.0,210.0,69.0,116.0,257.0,1354.0,476.0,445.0,192.0,1573.0,1500.0,130.0,,1239.0,1064.0,,1053.0,531.0,,1704.0,328.0,,1632.0,404.0,794.0,750.0,,,166.0,39.0,197.0,267.0,,325.0,632.0,1.0,,29,603.0
 88) Qf5-e6      ,0.0,2.0,4.0,15.0,36.0,14.0,40.0,84.0,11.0,782.0,1.0,178.0,6.0,16.0,42.0,12.0,89.0,70.0,1.0,3.0,3.0,11.0,1.0,38.0,18.0,,0.0,0.0,,,,,,,,0.0,8.0,28,53.0
111) .. e4-e3    ,17.0,28.0,103.0,5.0,12.0,19.0,53.0,40.0,,194.0,25.0,61.0,6.0,24.0,48.0,66.0,14.0,60.0,71.0,31.0,28.0,20.0,18.0,75.0,50.0,69.0,,,,,,583.0,,483.0,,5.0,0.0,28,79.0
104) b7-b8R      ,0.0,292.0,0.0,57.0,,0.0,140.0,69.0,14.0,21.0,,15.0,3.0,40.0,15.0,115.0,113.0,160.0,0.0,1.0,1.0,0.0,1.0,20.0,24.0,,18.0,1023.0,156.0,,,,,572.0,,0.0,,28,102.0
 60) Nh3-g5      ,0.0,0.0,0.0,1.0,0.0,161.0,,122.0,3.0,0.0,,5.0,2.0,,3.0,,,396.0,35.0,89.0,300.0,320.0,214.0,,,1.0,0.0,0.0,148.0,0.0,0.0,69.0,,604.0,588.0,0.0,5.0,28,109.0
122) .. Bf5-h3   ,11.0,4.0,293.0,169.0,142.0,53.0,40.0,114.0,769.0,188.0,39.0,394.0,842.0,60.0,248.0,35.0,12.0,44.0,384.0,95.0,51.0,170.0,21.0,134.0,168.0,,139.0,,,393.0,,,,,,0.0,,28,179.0
 75) Rd7-d2      ,,,169.0,4.0,8.0,5.0,7.0,9.0,5.0,6.0,12.0,57.0,,4.0,1353.0,,1518.0,83.0,13.0,75.0,9.0,20.0,721.0,32.0,21.0,4.0,60.0,57.0,21.0,,,507.0,26.0,,707.0,,,28,197.0
 16) Bd3xh7      ,37.0,168.0,0.0,66.0,44.0,0.0,492.0,612.0,78.0,18.0,122.0,,40.0,234.0,15.0,1061.0,,35.0,45.0,16.0,18.0,29.0,19.0,,,483.0,473.0,300.0,,33.0,9.0,,,,1363.0,4.0,,28,208.0
 29) e4-e5       ,125.0,259.0,2.0,81.0,0.0,229.0,19.0,209.0,1289.0,56.0,690.0,12.0,15.0,1602.0,0.0,149.0,337.0,35.0,,338.0,18.0,300.0,31.0,357.0,103.0,369.0,,,,,,162.0,,,327.0,288.0,0.0,28,264.0
 12) Rg1xg7      ,13.0,128.0,,158.0,48.0,159.0,21.0,457.0,352.0,,432.0,58.0,40.0,271.0,221.0,131.0,89.0,,59.0,255.0,232.0,30.0,1622.0,780.0,502.0,1170.0,1320.0,,,328.0,258.0,,,,604.0,4.0,,28,348.0
189) Qf3xf4      ,85.0,1734.0,0.0,24.0,3.0,41.0,9.0,217.0,59.0,4.0,76.0,59.0,132.0,1069.0,53.0,1499.0,605.0,,746.0,,40.0,,101.0,974.0,98.0,664.0,672.0,,,,,429.0,20.0,,1697.0,6.0,13.0,28,397.0
110) Kf2-e1      ,83.0,518.0,175.0,,82.0,24.0,37.0,717.0,,1368.0,150.0,53.0,1672.0,204.0,35.0,450.0,1628.0,591.0,47.0,,9.0,7.0,527.0,,23.0,389.0,1650.0,,264.0,32.0,,,,153.0,262.0,0.0,,28,398.0
119) h4-h5       ,148.0,343.0,772.0,383.0,52.0,697.0,483.0,,,257.0,1205.0,4.0,33.0,223.0,3.0,1119.0,717.0,394.0,37.0,37.0,103.0,72.0,23.0,,127.0,,,1749.0,1221.0,8.0,12.0,,,1424.0,,4.0,,28,416.0
 35) Qe3xg5      ,407.0,106.0,1094.0,645.0,1253.0,8.0,1093.0,253.0,115.0,20.0,131.0,559.0,702.0,177.0,490.0,366.0,155.0,411.0,7.0,442.0,,11.0,987.0,573.0,1039.0,,0.0,0.0,,,,,,921.0,,39.0,0.0,28,429.0
 42) b2-b4       ,3.0,8.0,42.0,2.0,0.0,237.0,0.0,64.0,25.0,40.0,4.0,0.0,4.0,10.0,0.0,2.0,8.0,32.0,46.0,43.0,7.0,72.0,47.0,164.0,7.0,,,,,,,657.0,,,,160.0,0.0,27,62.0
172) Rd1-d3      ,1.0,0.0,0.0,2.0,3.0,3.0,8.0,,8.0,15.0,3.0,180.0,0.0,112.0,463.0,26.0,682.0,92.0,13.0,3.0,0.0,8.0,9.0,20.0,,303.0,,,0.0,,,0.0,,,,0.0,1.0,27,72.0
129) Bb4-a5      ,548.0,12.0,0.0,0.0,240.0,3.0,,334.0,3.0,524.0,7.0,,,464.0,945.0,,812.0,399.0,1.0,9.0,7.0,5.0,2.0,570.0,228.0,218.0,1.0,0.0,,0.0,0.0,,,,,4.0,,27,198.0
 49) Kh2-g3      ,3.0,0.0,0.0,0.0,1212.0,2.0,,,2.0,,30.0,,3.0,1.0,,191.0,880.0,5.0,0.0,1454.0,85.0,17.0,47.0,,3.0,,3.0,5.0,249.0,42.0,,,273.0,941.0,566.0,0.0,1.0,27,223.0
 37) Re1-e6      ,802.0,207.0,0.0,3.0,10.0,8.0,244.0,161.0,78.0,14.0,39.0,6.0,134.0,65.0,8.0,645.0,239.0,,324.0,141.0,977.0,,680.0,104.0,1443.0,,28.0,87.0,854.0,,,,,,,9.0,0.0,27,271.0
159) Bd3xh7      ,15.0,17.0,,803.0,137.0,59.0,379.0,651.0,2.0,,13.0,,,1470.0,1057.0,,143.0,50.0,129.0,662.0,71.0,97.0,137.0,144.0,166.0,359.0,,,,13.0,16.0,184.0,,433.0,672.0,1.0,23.0,27,292.0
 56) Ne5xg6      ,8.0,3.0,,529.0,,1622.0,0.0,,24.0,238.0,,62.0,1009.0,335.0,,855.0,701.0,536.0,835.0,986.0,,1193.0,,125.0,71.0,525.0,,,518.0,1177.0,232.0,56.0,256.0,1609.0,287.0,0.0,,27,511.0
 10) Rd6xf6      ,0.0,0.0,,481.0,305.0,5.0,0.0,104.0,33.0,10.0,8.0,,,0.0,,0.0,49.0,163.0,0.0,16.0,24.0,1.0,20.0,228.0,674.0,1438.0,74.0,300.0,502.0,,,,,,,0.0,0.0,26,171.0
136) Kb5-a6      ,,309.0,0.0,3.0,8.0,5.0,1452.0,6.0,47.0,80.0,6.0,,189.0,875.0,,1150.0,1172.0,916.0,2.0,11.0,3.0,3.0,9.0,,,15.0,10.0,3.0,,130.0,209.0,,,,,0.0,82.0,26,254.0
 48) Bd3xh7      ,2.0,99.0,39.0,11.0,32.0,28.0,1.0,1312.0,4.0,150.0,151.0,7.0,17.0,,7.0,528.0,,141.0,,,,34.0,,173.0,813.0,,,,585.0,,1069.0,201.0,406.0,440.0,797.0,0.0,,26,271.0
187) Ba4xc6      ,8.0,76.0,0.0,7.0,3.0,828.0,66.0,417.0,210.0,,192.0,24.0,4.0,135.0,7.0,70.0,96.0,1022.0,1700.0,204.0,50.0,100.0,573.0,,1250.0,,,,4.0,,,,221.0,,,2.0,14.0,26,280.0
163) Qe2xe8      ,15.0,79.0,36.0,25.0,12.0,761.0,30.0,46.0,578.0,167.0,59.0,14.0,190.0,548.0,16.0,154.0,147.0,527.0,,,1045.0,825.0,1044.0,606.0,147.0,595.0,,,,,,739.0,,,,0.0,13.0,26,323.0
154) Nd4-f3      ,20.0,683.0,2.0,,5.0,19.0,68.0,,268.0,228.0,576.0,991.0,1229.0,430.0,,612.0,,196.0,1132.0,199.0,,,432.0,309.0,709.0,370.0,,,690.0,420.0,640.0,1641.0,,,370.0,3.0,5.0,26,471.0
 61) .. f4-f3    ,495.0,132.0,3.0,139.0,12.0,306.0,156.0,979.0,1323.0,5.0,524.0,780.0,73.0,158.0,83.0,708.0,,864.0,468.0,,,,1235.0,1238.0,,1668.0,,,339.0,185.0,68.0,,,278.0,,40.0,2.0,26,472.0
 64) Kc3-d4      ,42.0,117.0,7.0,69.0,74.0,,61.0,6.0,8.0,0.0,141.0,120.0,4.0,1278.0,199.0,250.0,74.0,,,,,,,301.0,1344.0,119.0,0.0,0.0,392.0,,,29.0,,,154.0,0.0,0.0,25,192.0
194) .. e4-e3    ,608.0,70.0,,274.0,27.0,,89.0,27.0,71.0,431.0,12.0,64.0,610.0,63.0,38.0,,385.0,117.0,,,262.0,15.0,,636.0,,968.0,,345.0,54.0,,125.0,401.0,5.0,,,5.0,3.0,25,228.0
160) Ne4-g5      ,98.0,2.0,35.0,,93.0,,1.0,312.0,443.0,0.0,,,,178.0,1561.0,570.0,538.0,121.0,52.0,743.0,343.0,2.0,7.0,781.0,88.0,,,,1785.0,,1119.0,,5.0,1313.0,,4.0,23.0,25,408.0
211) Qd1-f3      ,2.0,166.0,,0.0,61.0,3.0,2.0,50.0,,0.0,46.0,353.0,0.0,1.0,977.0,13.0,0.0,,5.0,385.0,1675.0,15.0,328.0,43.0,8.0,,,,,,,,23.0,,,0.0,0.0,24,173.0
 46) Qg3xe5      ,9.0,3.0,21.0,6.0,12.0,349.0,3.0,,1567.0,16.0,21.0,7.0,3.0,13.0,6.0,16.0,9.0,170.0,27.0,9.0,,531.0,39.0,1340.0,5.0,,,,,,,,,,,0.0,0.0,24,174.0
109) Bc4-e2      ,75.0,643.0,0.0,25.0,1556.0,5.0,,415.0,,,8.0,394.0,,42.0,217.0,107.0,,,2.0,9.0,3.0,2.0,7.0,,870.0,849.0,75.0,58.0,,0.0,1.0,,,,,6.0,,24,224.0
 98) .. Re3xf3   ,4.0,,15.0,48.0,246.0,7.0,28.0,1494.0,7.0,1415.0,6.0,,21.0,,6.0,,,1177.0,5.0,5.0,5.0,10.0,4.0,,,,192.0,239.0,537.0,83.0,16.0,,,,,1.0,,24,232.0
118) .. Re7-a7   ,236.0,14.0,146.0,2.0,88.0,609.0,30.0,1165.0,,26.0,220.0,0.0,8.0,153.0,0.0,254.0,720.0,776.0,,,24.0,,,,,4.0,,,5.0,,41.0,,1385.0,28.0,,1.0,0.0,24,247.0
 47) Rf2-f4      ,29.0,136.0,0.0,,,57.0,,,48.0,41.0,,,,177.0,,813.0,,362.0,3.0,39.0,60.0,21.0,76.0,1035.0,664.0,1209.0,124.0,108.0,,14.0,7.0,1771.0,,,394.0,15.0,2.0,24,300.0
  6) b3-b4       ,407.0,165.0,17.0,171.0,30.0,,104.0,231.0,52.0,10.0,320.0,6.0,87.0,134.0,11.0,190.0,426.0,114.0,,1054.0,,900.0,,1024.0,142.0,870.0,,,,,,1277.0,,,,25.0,0.0,24,324.0
190) Qe2-h5      ,4.0,471.0,6.0,758.0,659.0,41.0,382.0,134.0,3.0,190.0,110.0,662.0,373.0,,,,,,60.0,519.0,38.0,295.0,379.0,,,67.0,,,793.0,,,1333.0,356.0,,924.0,1.0,0.0,24,357.0
"192) Qe2xd2, Ne5-",4.0,706.0,12.0,,6.0,628.0,30.0,681.0,54.0,,,1671.0,966.0,248.0,1263.0,712.0,272.0,,,872.0,120.0,30.0,762.0,,274.0,,,1267.0,620.0,684.0,,893.0,,,,0.0,,24,532.0
185) .. Kg8-g7   ,6.0,140.0,2.0,12.0,468.0,278.0,33.0,233.0,727.0,1.0,39.0,19.0,0.0,268.0,9.0,222.0,334.0,1171.0,,204.0,223.0,,,219.0,295.0,,,,,,,,,1679.0,,,0.0,23,286.0
 66) .. e5-e4    ,243.0,98.0,425.0,,56.0,1.0,145.0,3.0,124.0,180.0,174.0,584.0,,132.0,,71.0,33.0,699.0,815.0,1125.0,,,1734.0,44.0,,159.0,25.0,66.0,,,,,,,,6.0,,23,302.0
 59) Ne3-f5      ,1406.0,1612.0,,545.0,166.0,,,130.0,60.0,83.0,942.0,122.0,1441.0,604.0,231.0,1053.0,,269.0,,,,,,,167.0,344.0,,53.0,1001.0,2.0,96.0,,583.0,790.0,,24.0,,23,510.0
182) Ng3-h5      ,2.0,114.0,16.0,609.0,3.0,228.0,3.0,1530.0,318.0,,767.0,119.0,594.0,992.0,6.0,1378.0,596.0,1213.0,,,1453.0,,1572.0,1682.0,365.0,1789.0,,,,,,,,,,28.0,2.0,23,669.0
140) Be3-d4      ,0.0,0.0,17.0,605.0,,176.0,90.0,0.0,,0.0,0.0,0.0,9.0,0.0,0.0,174.0,0.0,0.0,29.0,,,,,,,,0.0,0.0,0.0,,1047.0,,,,,26.0,10.0,22,99.0
178) Bc1-g5      ,534.0,40.0,17.0,4.0,5.0,70.0,294.0,649.0,458.0,22.0,47.0,4.0,3.0,0.0,5.0,48.0,154.0,142.0,,,,,,,0.0,,,,,,,481.0,97.0,,,248.0,0.0,22,151.0
123) Ke5-f6      ,,6.0,166.0,1.0,26.0,28.0,189.0,,325.0,1514.0,8.0,48.0,630.0,145.0,386.0,121.0,,84.0,498.0,,,,,100.0,1583.0,286.0,164.0,81.0,,,,,,,,52.0,,22,293.0
  2) Qf3xf6      ,8.0,655.0,158.0,60.0,105.0,24.0,,,213.0,,,,,,1110.0,,,288.0,27.0,804.0,415.0,900.0,272.0,295.0,927.0,73.0,,,,569.0,175.0,991.0,,,1400.0,3.0,,22,431.0
 36) Kd2-c1      ,113.0,264.0,384.0,100.0,154.0,38.0,537.0,471.0,,76.0,633.0,245.0,21.0,,34.0,858.0,1377.0,1324.0,1376.0,1188.0,288.0,32.0,132.0,,,,,,,,,,,,,14.0,,22,439.0
 44) g3-g4       ,1002.0,389.0,10.0,6.0,3.0,375.0,4.0,78.0,,5.0,333.0,23.0,8.0,131.0,3.0,110.0,368.0,1239.0,,,,,1391.0,1203.0,1696.0,,,,,,,1794.0,,,,110.0,1.0,22,467.0
 79) Bd3xg6      ,28.0,14.0,13.0,8.0,0.0,,27.0,1603.0,0.0,2.0,,0.0,0.0,36.0,0.0,63.0,181.0,208.0,,,,,,513.0,11.0,,,,,,,,143.0,1.0,,47.0,14.0,21,138.0
114) Ne5xd3      ,887.0,114.0,,82.0,229.0,,100.0,118.0,,151.0,15.0,24.0,59.0,85.0,39.0,119.0,,124.0,,,,,,303.0,,375.0,191.0,2.0,75.0,,,,,27.0,,288.0,0.0,21,162.0
 24) Rc1xc3      ,240.0,18.0,55.0,24.0,2.0,,72.0,1689.0,102.0,266.0,667.0,13.0,176.0,133.0,8.0,143.0,492.0,735.0,,,,,,,275.0,,,,,,,,253.0,600.0,,24.0,,21,285.0
 87) c7-c8N      ,1778.0,796.0,2.0,16.0,,8.0,1300.0,252.0,15.0,,97.0,631.0,,402.0,278.0,213.0,144.0,,1.0,3.0,9.0,3.0,3.0,,,,349.0,,,,,,,,,1.0,,21,300.0
 65) .. Ba6-c8   ,29.0,112.0,,208.0,,73.0,1195.0,160.0,41.0,822.0,,88.0,632.0,189.0,275.0,,1079.0,1138.0,224.0,280.0,129.0,350.0,,194.0,1372.0,,,,,,,,,,,5.0,0.0,21,409.0
200) Bg3-f4      ,47.0,,14.0,168.0,145.0,949.0,1183.0,,58.0,1057.0,,887.0,,,,,,1511.0,11.0,47.0,32.0,360.0,29.0,685.0,,,,,,18.0,27.0,856.0,582.0,,,3.0,1.0,21,413.0
164) .. Bb4xa3(?),,465.0,149.0,419.0,342.0,,,1174.0,684.0,,1736.0,95.0,381.0,,166.0,,,,380.0,648.0,603.0,,162.0,356.0,,265.0,,,108.0,,,176.0,,721.0,402.0,199.0,31.0,21,459.0
196) Nc3-d5      ,96.0,199.0,1561.0,188.0,101.0,795.0,164.0,813.0,57.0,,533.0,151.0,,,155.0,66.0,,598.0,1235.0,,990.0,,,,1708.0,1401.0,,,280.0,,,,,1619.0,,4.0,,21,605.0
103) Qa3-h3      ,80.0,753.0,5.0,5.0,,2.0,,905.0,251.0,,8.0,,53.0,,,,1657.0,1185.0,4.0,3.0,0.0,5.0,9.0,,,38.0,56.0,111.0,,,,,,,,3.0,,20,257.0
135) Bd8-c7      ,,12.0,2.0,11.0,4.0,1.0,,540.0,,1159.0,164.0,,235.0,,,962.0,,,3.0,3.0,2.0,1.0,2.0,347.0,19.0,,97.0,1367.0,,,856.0,,,,,,,20,289.0
 27) Re3-e8      ,0.0,132.0,0.0,1.0,49.0,0.0,247.0,628.0,,,174.0,597.0,234.0,,138.0,,,,8.0,1093.0,,,,,1479.0,,14.0,9.0,,1127.0,198.0,,,,,0.0,20.0,20,306.0
155) Bd3-g6      ,41.0,41.0,109.0,57.0,36.0,,16.0,,72.0,7.0,877.0,53.0,120.0,1427.0,160.0,1210.0,,,,678.0,618.0,,538.0,318.0,,,,1762.0,,,,,,,,2.0,0.0,20,407.0
  1) Ne7-c6      ,13.0,409.0,,191.0,,149.0,479.0,450.0,300.0,,19.0,1349.0,191.0,1016.0,,130.0,,1174.0,536.0,,,,,717.0,,1177.0,,251.0,935.0,,,,,1686.0,,1.0,1.0,20,559.0
 53) Bg5-f4      ,,,102.0,0.0,219.0,3.0,,72.0,255.0,,3.0,,,833.0,,,,,14.0,20.0,42.0,12.0,266.0,,,21.0,6.0,1.0,,3.0,41.0,,,,,2.0,,19,101.0
 28) Ra4-a2      ,66.0,195.0,0.0,,185.0,,,,178.0,2.0,,181.0,243.0,,44.0,351.0,,778.0,,278.0,286.0,,137.0,,,149.0,,,219.0,,19.0,,76.0,,,3.0,9.0,19,178.0
179) .. Rd8xd4   ,0.0,23.0,,,,,0.0,150.0,327.0,,,557.0,,33.0,,46.0,78.0,39.0,,,1596.0,245.0,,736.0,39.0,,,,104.0,0.0,0.0,,,,145.0,0.0,,19,217.0
 34) f5-f6       ,541.0,,58.0,127.0,107.0,56.0,110.0,1450.0,98.0,437.0,122.0,,1019.0,,,,425.0,,80.0,,,,,1347.0,972.0,190.0,79.0,129.0,,,,,,,,46.0,,19,389.0
 20) a4-a5       ,82.0,1056.0,46.0,1001.0,25.0,,446.0,340.0,,71.0,,165.0,29.0,930.0,313.0,1101.0,1070.0,,,1728.0,,,,,,502.0,0.0,0.0,,,,,,,,8.0,0.0,19,469.0
181) h2-h4       ,5.0,87.0,,33.0,5.0,194.0,6.0,480.0,,19.0,15.0,16.0,2.0,1028.0,8.0,793.0,,,,609.0,496.0,,,,,,,,,,,,105.0,,,0.0,1.0,18,217.0
125) Ne3-g2      ,,,35.0,3.0,11.0,5.0,,,1093.0,227.0,,3.0,3.0,0.0,3.0,,42.0,1421.0,,,,,87.0,85.0,,4.0,23.0,190.0,,,,,1500.0,,,,94.0,18,263.0
 83) d4-d5       ,,120.0,,,,,11.0,156.0,213.0,274.0,281.0,,,291.0,,,,666.0,,1003.0,851.0,,,321.0,605.0,80.0,3.0,76.0,,,,900.0,,,764.0,34.0,,18,369.0
116) Nf4-d3      ,,461.0,,,,,,93.0,,,,,,240.0,1037.0,420.0,138.0,518.0,,,242.0,175.0,,1740.0,64.0,389.0,0.0,0.0,125.0,725.0,464.0,,,,,66.0,0.0,18,383.0
169) Bd3xh7      ,103.0,355.0,3.0,76.0,518.0,688.0,649.0,,326.0,,,,374.0,,,,,,108.0,108.0,,,,1245.0,1028.0,,,,655.0,271.0,258.0,,364.0,,,6.0,,18,396.0
156) f4-f5       ,22.0,40.0,,,393.0,686.0,2.0,226.0,,,,437.0,,,1081.0,129.0,3.0,1760.0,,,315.0,,1161.0,,551.0,164.0,,,902.0,,,767.0,,,,3.0,,18,480.0
117) .. Rc5-b5(?),381.0,1096.0,,,,597.0,1698.0,21.0,,,,,,664.0,,,781.0,510.0,,,,178.0,,303.0,57.0,936.0,0.0,0.0,65.0,,,1209.0,,743.0,,111.0,0.0,18,519.0
 15) h2-h4       ,,401.0,,,347.0,24.0,,157.0,,,290.0,508.0,1659.0,180.0,1126.0,577.0,95.0,1791.0,,233.0,82.0,33.0,40.0,,,838.0,,,,,,,,1506.0,,,0.0,18,549.0
 43) Ne5-g6      ,105.0,41.0,1342.0,293.0,1125.0,854.0,35.0,92.0,1453.0,1616.0,72.0,771.0,,432.0,,196.0,243.0,,,,,,,623.0,1644.0,,,,,,,,,,,0.0,,18,608.0
 13) .. Nb6-c4   ,29.0,232.0,,352.0,799.0,,116.0,1184.0,202.0,291.0,90.0,180.0,314.0,86.0,,1614.0,339.0,,,,,,,1716.0,469.0,,,,,,,,,,,2.0,0.0,17,471.0
176) d5-d6       ,,,216.0,48.0,273.0,,,139.0,,,1421.0,61.0,21.0,247.0,17.0,362.0,907.0,1134.0,,,,,,,1326.0,,0.0,1764.0,,0.0,,132.0,,,,,6.0,17,475.0
 90) Bd6-f8      ,,58.0,100.0,,,317.0,,,226.0,,862.0,534.0,0.0,,132.0,,,,,24.0,88.0,,2.0,,,1062.0,12.0,11.0,,6.0,20.0,,,,,,,16,216.0
 54) Bc2-a4      ,278.0,,11.0,,,71.0,,,337.0,0.0,,,215.0,,,,,,24.0,1382.0,15.0,411.0,326.0,,,772.0,0.0,0.0,,,1.0,,,,,16.0,,16,241.0
133) Bh5-f3      ,1319.0,190.0,95.0,161.0,74.0,1356.0,,,157.0,38.0,,18.0,34.0,102.0,21.0,,,1682.0,,,,,,630.0,,,,430.0,,,,,,,,24.0,,16,396.0
 76) .. Rh7xh4   ,0.0,34.0,,,,15.0,56.0,93.0,34.0,,608.0,,,37.0,,,213.0,,,,,119.0,60.0,,,31.0,0.0,0.0,,,,,,,,0.0,,15,87.0
101) Kh4-h5      ,1.0,8.0,,,48.0,,51.0,1.0,,494.0,,,7.0,,534.0,9.0,0.0,,,,939.0,,,,16.0,,61.0,312.0,,,,,,,,0.0,27.0,15,165.0
 73) .. e6-e5    ,0.0,364.0,2.0,471.0,83.0,,7.0,253.0,,100.0,1746.0,13.0,14.0,,510.0,562.0,8.0,,,,,,,,,,,,,,,,,,,0.0,0.0,15,276.0
105) Ne7-c8      ,,209.0,0.0,50.0,1124.0,20.0,,,364.0,497.0,86.0,1640.0,1112.0,531.0,528.0,,,,,,,,,,,,0.0,0.0,105.0,,,,,,,,,15,418.0
158) Na3-b5      ,3.0,1475.0,21.0,1103.0,545.0,,6.0,79.0,170.0,742.0,,1195.0,744.0,426.0,,,22.0,,,,,128.0,,,,,,,,,,,,,,0.0,1.0,15,444.0
  8) Rd4-d6      ,111.0,311.0,9.0,440.0,958.0,49.0,,,166.0,1699.0,939.0,,,,,,,,,682.0,,900.0,1053.0,,,481.0,,,,1374.0,,,,,,48.0,,15,615.0
170) Qf3-f6      ,1223.0,475.0,,,,787.0,,,,,450.0,,,1002.0,,38.0,,,91.0,102.0,515.0,540.0,463.0,,,,,,,1792.0,,1218.0,1128.0,,,108.0,25.0,15,662.0
 11) g2-g4       ,519.0,3.0,,2.0,16.0,16.0,1587.0,,,,,27.0,7.0,265.0,16.0,196.0,,,,109.0,,238.0,,,,,,,,,,,,,,5.0,,14,215.0
138) Qh4-d4      ,,14.0,0.0,46.0,,,1384.0,0.0,,,152.0,36.0,813.0,58.0,1186.0,,0.0,,,,,,,1.0,,,,276.0,,,,,0.0,,,,,14,283.0
 97) .. Qh5-f5   ,44.0,816.0,21.0,899.0,709.0,,611.0,1498.0,170.0,12.0,,,55.0,461.0,1041.0,,721.0,,,,,,,,,,,,,,,,,,,18.0,0.0,14,505.0
 21) .. Rb8xb3   ,0.0,,0.0,,,2.0,,,,1.0,,,380.0,,,,,,9.0,0.0,2.0,0.0,0.0,,,,40.0,16.0,,,,,,,,0.0,,13,35.0
141) Ra3-c3      ,142.0,,59.0,111.0,,24.0,,,20.0,,18.0,,,,,,,,10.0,157.0,136.0,314.0,,,,,408.0,,,19.0,24.0,,,,,,,13,111.0
195) .. Rh6xh2   ,,,10.0,27.0,,46.0,,,,87.0,6.0,262.0,1162.0,,,,,,7.0,23.0,54.0,37.0,1264.0,,,,,,,,,,,,,87.0,,13,236.0
209) Bc1-d2      ,3.0,401.0,4.0,202.0,75.0,,65.0,663.0,,9.0,,91.0,143.0,1249.0,327.0,,,,,,,,,,,,,,,,,,,,,1.0,6.0,13,249.0
 19) Ng3-f5      ,129.0,358.0,487.0,1414.0,,568.0,162.0,,191.0,,,,,1454.0,,,,,,,,,,457.0,,1750.0,,,,1078.0,545.0,,,,,10.0,,13,662.0
108) Be2-h5      ,91.0,,22.0,71.0,,289.0,,,,,1222.0,,,,,,,,,169.0,545.0,178.0,59.0,,,,147.0,410.0,,,,,,,,6.0,,12,267.0
 14) Qf4-f6      ,827.0,,0.0,236.0,1116.0,230.0,959.0,,196.0,0.0,257.0,,970.0,,,,,,107.0,,,,,,,,,,,,,,,,,51.0,0.0,12,412.0
113) Ng4-f6      ,1397.0,,8.0,,,184.0,,,,,,,,,,,,,57.0,49.0,1201.0,764.0,1762.0,,,,105.0,,,695.0,186.0,,,,,187.0,,12,550.0
126) Nd4-c6      ,73.0,43.0,880.0,1280.0,,,967.0,960.0,,423.0,,927.0,,,,,,,,,,641.0,,,,,,18.0,,,1623.0,,,,,4.0,,12,653.0
 58) Ng5xf7      ,608.0,,0.0,1.0,,,48.0,,13.0,1417.0,164.0,,,,,,,,,,,,,,,234.0,0.0,20.0,,,,,,,,5.0,0.0,11,228.0
208) Bd3xh7      ,125.0,,175.0,185.0,106.0,,2.0,,635.0,425.0,,306.0,549.0,,87.0,,,,,,,,,,,,,,,,,,,,,8.0,0.0,11,237.0
  3) Nb8-c6      ,921.0,,680.0,,,202.0,,,,,493.0,,718.0,718.0,,,,,688.0,947.0,,,89.0,,,,0.0,148.0,,,,,,,,,,11,509.0
 39) .. Rd6-f6   ,20.0,636.0,,,,722.0,188.0,925.0,,,,,,40.0,,889.0,,1186.0,,,,,,,,,1370.0,,,,,,199.0,,,19.0,,11,563.0
 51) b4-b5       ,,,,344.0,94.0,,,,,900.0,,127.0,315.0,,325.0,,,,,,,,,,,,,2.0,,0.0,0.0,,,,,48.0,2.0,10,216.0
177) Nf3-h4      ,11.0,,77.0,,,656.0,1013.0,,,,,,,,,,,,318.0,663.0,954.0,600.0,719.0,,,,,,,,,,,,,2.0,66.0,10,501.0
 80) Bh6-g5      ,,,6.0,1.0,30.0,,,,,64.0,,10.0,9.0,,8.0,,,,,,,,,,,,,,,,,,,84.0,,231.0,,9,49.0
 95) Kg2-f3      ,,,,,,,668.0,58.0,381.0,,,,,,,1223.0,647.0,570.0,,,,,,,23.0,,0.0,0.0,,,,,,,,,0.0,9,397.0
144) Bg5-f6      ,60.0,,,,739.0,,1143.0,770.0,,,,,,,,,,892.0,,,,,,156.0,461.0,,,,,,,,,,326.0,21.0,,9,508.0
 99) .. Qd3xg3   ,47.0,,,,1736.0,,,,492.0,,,,1559.0,,1692.0,,,,,,,,,1043.0,,,0.0,0.0,,,,,,,,4.0,0.0,9,730.0
150) Bd4-f6      ,349.0,,,,991.0,,754.0,1374.0,,,,1008.0,1779.0,917.0,1518.0,,,,,,,,,,,,,,,,,,,,,10.0,1.0,9,967.0
 93) Nc6xe7      ,,11.0,57.0,,,,,,,,,23.0,,,,,,,,,,,,,,,49.0,67.0,,,,0.0,,,25.0,195.0,,8,53.0
 69) Re8xe5      ,2.0,,,,,,,,152.0,0.0,,,,,,,,,,,,,,,,,0.0,0.0,,666.0,,,104.0,,,0.0,2.0,8,116.0
 89) .. Re2xd2   ,127.0,,,,,,,,5.0,672.0,,,,,,,,,,,,,,,,77.0,12.0,9.0,1351.0,,,,,,,0.0,3.0,8,282.0
 70) a7-a8B      ,568.0,,,,68.0,,,,836.0,,,,,,,,,,,,,1200.0,,0.0,,,4.0,11.0,,,,,,,,9.0,,8,337.0
130) f2-f4       ,7.0,,1.0,72.0,,767.0,,,,,,,,,,,,,,233.0,,,,,,,258.0,1569.0,,,,,,,,9.0,,8,364.0
 18) Be1-d2      ,,,318.0,572.0,,,,,,,,0.0,,0.0,,,,,,,,,,,,,,,,148.0,,,0.0,,0.0,,10.0,7,148.0
153) Ne2-d4      ,,,,,,,,,546.0,45.0,0.0,,7.0,,,,,,2.0,,,,,,,,761.0,,,,,,,,,265.0,,7,232.0
131) Na8-c7      ,,200.0,245.0,164.0,,,,248.0,,,852.0,,,1075.0,,1601.0,,,,,,,,,,,,,,,,,,,,,,7,626.0
 78) Qd6xe5      ,,,92.0,385.0,1469.0,,,,,12.0,711.0,,,,,,,,,,,,,,,,128.0,1671.0,,,,,,,,,19.0,7,638.0
184) .. Bf5-g4   ,1268.0,,,956.0,,,,788.0,,123.0,,,1234.0,,1684.0,,,,,,,,,,,,,,,,,,,,,136.0,,7,884.0
 26) Ne2-f4      ,1352.0,,,,,839.0,,,,,883.0,1193.0,,,419.0,,,,,,,,,,1726.0,140.0,,,,,,,,,,,,7,936.0
 91) Be3xc5      ,,,309.0,,,,,,,,,,,,,,,,,,,,,,,,8.0,231.0,,57.0,68.0,,,,,8.0,,6,114.0
204) Bc1-g5      ,18.0,,,,,561.0,114.0,,62.0,,,,,,,,,,,,,,,,413.0,,,,,,,,,,,124.0,,6,215.0
 67) f3-f4       ,,,1123.0,,,,,,226.0,,,,,,,,,,,,,,,,,281.0,56.0,188.0,,,,,,,,60.0,,6,322.0
 68) Qc7-d8      ,,,,,68.0,,,,,,,,632.0,,,,75.0,,,,,,,,241.0,,1233.0,27.0,,,,,,,,,,6,379.0
 57) Nc2-d4      ,6.0,,,,,,,,957.0,,,,,,,,,,,,,,,,,,0.0,0.0,,,,,,,,0.0,,5,193.0
 77) Nc4-a5      ,,,,,,,,,,,,,,,,,375.0,,,,,,,226.0,,,2.0,14.0,1292.0,,,,,,,,0.0,5,382.0
  7) Rh4xh1      ,209.0,,,,,,,,,,,,,,,,,,,,,,,,,,0.0,0.0,,,,,,,,6.0,,4,54.0
 74) Kb7-c8      ,,,840.0,,,,,,,,,,,,,,,,414.0,,,,,,,,37.0,3.0,,,,,,,,,,4,324.0
 38) Ne4-c3      ,627.0,,,,,,,,,,,,,,966.0,,,,,,,420.0,,,,,,,,,,,,,,81.0,8.0,4,524.0
102) h5xg6       ,,,,,,,,,,706.0,,,,,,,,,,,,,,,,,320.0,465.0,,,,,,,,,,3,497.0
 33) Nf7-d6      ,,,,,,,,,,,,,,,,,,,,,,,,,,,234.0,1694.0,,,,,,,,,,2,964.0
 23) Nf3-h4      ,,,,,,,,,,,,,,,,,,,,,,,,,,,,,,,,,,,,,0.0,0,
